{"name":"BM_Backup_2022-10-07_06_53_48_O7rmC0qTWenS1asM.zip","date":"2022-10-07 06:53:48","files":8654,"bytes":184007056,"cron":false,"total_queries":232,"manifest":"2022-10-07 06:54:04","millis_start":1665125628.896589,"millis_end":1665125644.720271,"version":"1.2.2","domain":"dev-bayjingolympics.pantheonsite.io","dbdomain":"http:\/\/dev-bayjingolympics.pantheonsite.io","uid":0,"source_query_output":300,"db_backup_engine":"v4","config":{"ABSPATH":"\/code\/","DB_NAME":"pantheon","DB_USER":"378dfd77eccd4092b8bbcc4912b8f5f7","DB_PASSWORD":"eacb5094f92f4b64982982a95d777900","DB_HOST":"dbhost:6033","DB_CHARSET":"utf8mb4","DB_COLLATE":"","AUTH_KEY":"Y3BLLNWNI93vqtBcBdMDq\/qHBzPSx1rxcdfCJzSr56o=","SECURE_AUTH_KEY":"VM1XUAgldams9CFwWioYlAG1\/Q\/jqGIfzJA7+rEL0ho=","LOGGED_IN_KEY":"TugK8tkjRV7eNvG0avGXa9wlE9SbTxWsN9EINuJ1m5E=","NONCE_KEY":"x3eke2SvaolMqPLjszfeX6tvcnG028PBXOLGy6mTcdQ=","AUTH_SALT":"EHxyWkhOlS7FhH1dVVWzY56Eh+2Isn\/gf0YSZjPblIU=","SECURE_AUTH_SALT":"CtePrPU12ODJilOG0mG8KRYZaFnTBAtlCNASw+jw8P0=","LOGGED_IN_SALT":"zt4z29DQuR9N4Qx1CrYRRPsiBwnOMiMCURLoifeVvKU=","NONCE_SALT":"BvGQHCBLDcVon330yZm7PUQUJlFM\/J\/H9FOc3KzK0TE=","WP_DEBUG_LOG":false,"WP_CONTENT_URL":"http:\/\/dev-bayjingolympics.pantheonsite.io\/wp-content","WP_CONTENT_DIR":"\/code\/wp-content\/","table_prefix":"wp_"}}